date,title,scripture,reference,message,prayer,declaration,further_reading,author
2026-09-16,Strength for the Weary,"He giveth power to the faint; and to them that have no might he increaseth strength.",Isaiah 40:29,"Sample message, paragraph one. Replace this with your own devotional.

Sample message, paragraph two.",Lord, renew my strength today.,I am strengthened by the Lord.,Isaiah 40:25-31,Chrio Life
2026-09-17,The Lord Is My Shepherd,"The Lord is my shepherd; I shall not want.",Psalm 23:1,"Sample message for the 17th.

A second paragraph.",Father, lead me beside still waters.,I lack nothing good.,Psalm 23,Chrio Life
2026-09-18,Abiding in the Vine,"I am the vine, ye are the branches: He that abideth in me, and I in him, the same bringeth forth much fruit: for without me ye can do nothing.",John 15:5,"Sample message for the 18th.

A second paragraph.",Lord, help me to abide in You.,I bear much fruit.,John 15:1-17,Chrio Life
